Z,N,T_half_sec,DecMode
1,0,infinity,
1,1,infinity,
1,2,3.888E8,B-
1,3,,N
1,4,7.995E-23,2N
1,5,2.848E-22,N
1,6,0,
2,1,infinity,
2,2,infinity,
2,3,7.595E-22,A
2,4,0.807,B-
2,5,3.038E-21,N
2,6,0.119,B-
2,7,,N
2,8,1.519E-21,N
3,1,7.557E-23,P
3,2,3.038E-22,P
3,3,infinity,
3,4,infinity,
3,5,0.84,B-
3,6,0.178,B-
3,7,,N
3,8,0.00875,B-
3,9,1E-8,N
3,10,,
4,1,,P
4,2,4.953E-21,P
4,3,4598208,EC
4,4,8.181E-17,A
4,5,infinity,
4,6,4.765E13,B-
4,7,13.76,BA
4,8,0.0215,B-
4,9,2.7E-21,N
4,10,0.00435,B-
4,11,7.857E-22,N
4,12,5.696E-22,N
5,1,,2P
5,2,3.255E-22,P
5,3,0.77,EC
5,4,8.439E-19,P
5,5,infinity,
5,6,infinity,
5,7,0.0202,B-
5,8,0.0173,B-
5,9,0.0124,B-
5,10,0.0102,B-
5,11,1.9E-10,N
5,12,0.00508,B-
5,13,2.6E-8,N
5,14,0.00292,B-
5,15,,
5,16,,
6,2,1.981E-21,P
6,3,0.127,EC
6,4,19.308,EC
6,5,1221.84,EC
6,6,infinity,
6,7,infinity,
6,8,1.799E11,B-
6,9,2.449,B-
6,10,0.747,B-
6,11,0.191,B-
6,12,0.092,B-
6,13,0.0462,B-
6,14,0.0162,B-
6,15,3.0000000000000004E-8,N
6,16,0.0061,B-
6,17,,
7,3,,P
7,4,5.49E-22,P
7,5,0.011,EC
7,6,597.9,EC
7,7,infinity,
7,8,infinity,
7,9,7.13,B-
7,10,4.171,B-
7,11,0.619,B-
7,12,0.336,B-
7,13,0.136,B-
7,14,0.0848,B-
7,15,0.0195,B-
7,16,0.0141,B-
7,17,5.2E-8,N
7,18,,
8,4,1.139E-21,P
8,5,0.00858,EC
8,6,70.62,EC
8,7,122.24,EC
8,8,infinity,
8,9,infinity,
8,10,infinity,
8,11,26.88,B-
8,12,13.51,B-
8,13,3.42,B-
8,14,2.25,B-
8,15,0.097,B-
8,16,0.072,B-
8,17,6.3E-21,N
8,18,4.5E-12,
8,19,2.6E-7,N
8,20,1.0000000000000001E-7,N
9,5,5.00769E-22,P
9,6,6.905E-22,P
9,7,1.139E-20,P
9,8,64.49,EC
9,9,6586.2,EC
9,10,infinity,
9,11,11.07,B-
9,12,4.158,B-
9,13,4.23,B-
9,14,2.23,B-
9,15,0.382,B-
9,16,0.08,B-
9,17,0.0082,B-
9,18,0.005,B-
9,19,4.6E-20,N
9,20,0.00267,B-
9,21,,N
9,22,,B-
10,6,9E-21,2P
10,7,0.109,EC
10,8,1.667,EC
10,9,17.22,EC
10,10,infinity,
10,11,infinity,
10,12,infinity,
10,13,37.24,B-
10,14,202.8,B-
10,15,0.602,B-
10,16,0.197,B-
10,17,0.0315,B-
10,18,0.02,B-
10,19,0.015,B-
10,20,0.00739,B-
10,21,0.0034,B-
10,22,0.0035,B-
10,23,1.8E-7,N
10,24,6.000000000000001E-8,B-
11,7,1.3E-21,P
11,8,4E-8,P
11,9,0.448,EC
11,10,22.49,EC
11,11,8.211E7,EC
11,12,infinity,
11,13,53989.2,B-
11,14,59.1,B-
11,15,1.0713,B-
11,16,0.301,B-
11,17,0.0305,B-
11,18,0.0441,B-
11,19,0.048,B-
11,20,0.0174,B-
11,21,0.0132,B-
11,22,0.0081,B-
11,23,0.005,B-
11,24,0.0018,B-
11,25,1.8E-7,N
11,26,,B-
12,7,4E-12,2P
12,8,0.0908,EC
12,9,0.122,EC
12,10,3.876,EC
12,11,11.317,EC
12,12,infinity,
12,13,infinity,
12,14,infinity,
12,15,567.48,B-
12,16,75294,B-
12,17,1.3,B-
12,18,0.317,B-
12,19,0.236,B-
12,20,0.086,B-
12,21,0.0894,B-
12,22,0.02,B-
12,23,0.0113,B-
12,24,0.0058,B-
12,25,0.008,B-
12,26,,B-
12,27,1.8E-7,N
12,28,,B-
13,8,3.5E-8,P
13,9,0.0911,EC
13,10,0.47,EC
13,11,2.053,EC
13,12,7.183,EC
13,13,2.263E13,EC
13,14,infinity,
13,15,134.7,B-
13,16,393.6,B-
13,17,3.62,B-
13,18,0.644,B-
13,19,0.0319,B-
13,20,0.0417,B-
13,21,0.0563,B-
13,22,0.0376,B-
13,23,0.094,B-
13,24,0.0107,B-
13,25,0.0076,B-
13,26,0.0076,B-
13,27,,B-
13,28,,B-
13,29,,B-
13,30,,B-
14,8,0.029,EC
14,9,0.0423,EC
14,10,0.141,EC
14,11,0.22,EC
14,12,2.245,EC
14,13,4.15,EC
14,14,infinity,
14,15,infinity,
14,16,infinity,
14,17,9441.6,B-
14,18,4.828E9,B-
14,19,6.11,B-
14,20,2.77,B-
14,21,0.78,B-
14,22,0.45,B-
14,23,0.09,B-
14,24,0.095,B-
14,25,0.0475,B-
14,26,0.033,B-
14,27,0.02,B-
14,28,0.0125,B-
14,29,,B-
14,30,,B-
15,9,,P
15,10,3.0000000000000004E-8,P
15,11,0.0437,E2
15,12,0.26,EC
15,13,0.27,EA
15,14,4.142,EC
15,15,149.88,EC
15,16,infinity,
15,17,1232755.2,B-
15,18,2190240,B-
15,19,12.43,B-
15,20,47.3,B-
15,21,5.6,B-
15,22,2.31,B-
15,23,0.64,B-
15,24,0.28,B-
15,25,0.15,B-
15,26,0.101,B-
15,27,0.0485,B-
15,28,0.0365,B-
15,29,0.0185,B-
15,30,2.0000000000000002E-7,B-
15,31,2.0000000000000002E-7,B-
16,10,7.9E-8,
16,11,0.0155,EC
16,12,0.125,EC
16,13,0.188,EC
16,14,1.178,EC
16,15,2.553,EC
16,16,infinity,
16,17,infinity,
16,18,infinity,
16,19,7548768,B-
16,20,infinity,
16,21,303,B-
16,22,10218,B-
16,23,11.5,B-
16,24,8.8,B-
16,25,2.6,B-
16,26,1.03,B-
16,27,0.273,B-
16,28,0.1,B-
16,29,0.068,B-
16,30,0.05,B-
16,31,,B-
16,32,2.0000000000000002E-7,B-
16,33,2.0000000000000002E-7,N
17,11,,
17,12,2E-8,P
17,13,3.0000000000000004E-8,P
17,14,0.19,EC
17,15,0.298,EC
17,16,2.511,EC
17,17,1.526,EC
17,18,infinity,
17,19,9.499E12,B-
17,20,infinity,
17,21,2234.4,B-
17,22,3372,B-
17,23,81,B-
17,24,38.4,B-
17,25,6.8,B-
17,26,3.175,B-
17,27,0.65,B-
17,28,0.4,B-
17,29,0.232,B-
17,30,0.101,B-
17,31,2.0000000000000002E-7,B-
17,32,1.7E-7,B-
17,33,6.2E-7,B-
17,34,2.0000000000000002E-7,B-
18,12,,P
18,13,0.0144,E2P
18,14,0.098,EC
18,15,0.173,EC
18,16,0.845,EC
18,17,1.776,EC
18,18,infinity,
18,19,3027456,EC
18,20,infinity,
18,21,8.489E9,B-
18,22,infinity,
18,23,6576.6,B-
18,24,1.0382E9,B-
18,25,322.2,B-
18,26,712.2,B-
18,27,21.48,B-
18,28,8.4,B-
18,29,1.23,B-
18,30,0.424,B-
18,31,0.236,B-
18,32,0.106,B-
18,33,2.0000000000000002E-7,B-
18,34,6.2E-7,B-
18,35,6.2E-7,B-
19,13,,P
19,14,2.5E-8,P
19,15,2.5E-8,P
19,16,0.178,EC
19,17,0.342,EA
19,18,1.226,EC
19,19,458.16,EC
19,20,infinity,
19,21,3.938E16,B-
19,22,infinity,
19,23,44478,B-
19,24,80280,B-
19,25,1327.8,B-
19,26,1068.6,B-
19,27,105,B-
19,28,17.5,B-
19,29,6.83,B-
19,30,1.263,B-
19,31,0.472,B-
19,32,0.365,B-
19,33,0.11,B-
19,34,0.03,B-
19,35,0.01,B-
19,36,3.6E-7,B-
19,37,2E-8,B-
20,14,3.5E-8,P
20,15,0.0257,EC
20,16,0.102,EC
20,17,0.181,EC
20,18,0.44,EC
20,19,0.86,EC
20,20,9.467E28,2EC
20,21,3.137E12,EC
20,22,infinity,
20,23,infinity,
20,24,infinity,
20,25,1.405E7,B-
20,26,8.836E22,2B-
20,27,391910.4,B-
20,28,1.83E30,2B-
20,29,523.08,B-
20,30,13.9,B-
20,31,10,B-
20,32,4.6,B-
20,33,0.461,B-
20,34,0.107,B-
20,35,0.022,B-
20,36,0.011,B-
20,37,6.2E-7,B-
20,38,6.2E-7,B-
21,15,,P
21,16,,P
21,17,,P
21,18,3.0000000000000004E-7,P
21,19,0.182,EC
21,20,0.596,EC
21,21,0.681,EC
21,22,14007.6,EC
21,23,14292,EC
21,24,infinity,
21,25,7239456.000000001,B-
21,26,289370.88,B-
21,27,157212,B-
21,28,3430.8,B-
21,29,102.5,B-
21,30,12.4,B-
21,31,0.2,B-
21,32,2.4,B-
21,33,0.526,B-
21,34,0.096,B-
21,35,0.031,B-
21,36,0.002,B-
21,37,0.012,B-
21,38,3.6E-7,B-
21,39,3.6E-7,B-
21,40,3.6E-7,B-
22,16,,
22,17,0.031,EC
22,18,0.0524,EC
22,19,0.0819,EC
22,20,0.209,EC
22,21,0.509,EC
22,22,1.893E9,EC
22,23,11088,EC
22,24,infinity,
22,25,infinity,
22,26,infinity,
22,27,infinity,
22,28,infinity,
22,29,345.6,B-
22,30,102,B-
22,31,32.7,B-
22,32,2.1,B-
22,33,1.3,B-
22,34,0.2,B-
22,35,0.098,B-
22,36,0.058,B-
22,37,0.0285,B-
22,38,0.0222,B-
22,39,0.015,B-
22,40,6.2E-7,B-
22,41,3.6E-7,B-
23,17,,P
23,18,,P
23,19,5.5E-8,P
23,20,0.0793,EC
23,21,0.111,EC
23,22,0.547,EC
23,23,0.423,EC
23,24,1956,EC
23,25,1380110.4,EC
23,26,2.851E7,EC
23,27,6.627E24,EC
23,28,infinity,
23,29,224.58,B-
23,30,92.58,B-
23,31,49.8,B-
23,32,6.54,B-
23,33,0.216,B-
23,34,0.347,B-
23,35,0.19,B-
23,36,0.092,B-
23,37,0.04,B-
23,38,0.0483,B-
23,39,0.0335,B-
23,40,0.0196,B-
23,41,0.015,B-
23,42,3.6E-7,B-
23,43,3.6E-7,B-
24,18,0.0133,EC
24,19,0.0212,E2P
24,20,0.0428,EC
24,21,0.0609,EC
24,22,0.26,EC
24,23,0.5,EC
24,24,77616,EC
24,25,2538,EC
24,26,4.102E25,2EC
24,27,2393496,EC
24,28,infinity,
24,29,infinity,
24,30,infinity,
24,31,209.82,B-
24,32,356.4,B-
24,33,21.1,B-
24,34,7,B-
24,35,1.05,B-
24,36,0.492,B-
24,37,0.234,B-
24,38,0.2,B-
24,39,0.129,B-
24,40,0.0429,B-
24,41,0.028,B-
24,42,0.023,B-
24,43,,B-
24,44,6.000000000000001E-8,B-
25,19,1.05E-7,EC
25,20,,
25,21,0.0362,EC
25,22,0.088,EC
25,23,0.158,EC
25,24,0.382,EC
25,25,0.283,EC
25,26,2772,EC
25,27,483062.4,EC
25,28,1.18E14,EC
25,29,2.697E7,EC
25,30,infinity,
25,31,9284.04,B-
25,32,85.4,B-
25,33,3,B-
25,34,4.59,B-
25,35,0.28,B-
25,36,0.709,B-
25,37,0.092,B-
25,38,0.276,B-
25,39,0.09,B-
25,40,0.0919,B-
25,41,0.004,B-
25,42,0.047,B-
25,43,0.028,B-
25,44,0.016,B-
25,45,3.6E-7,B-
25,46,6.37E-7,B-
26,19,0.00245,E2P
26,20,0.013,EC
26,21,0.0219,EC
26,22,0.0453,EC
26,23,0.0647,EC
26,24,0.155,EC
26,25,0.305,EC
26,26,29790,EC
26,27,510.6,EC
26,28,infinity,
26,29,8.659E7,EC
26,30,infinity,
26,31,infinity,
26,32,infinity,
26,33,3844368,B-
26,34,8.268E13,B-
26,35,358.8,B-
26,36,68,B-
26,37,6.1,B-
26,38,2,B-
26,39,0.81,B-
26,40,0.351,B-
26,41,0.395,B-
26,42,0.188,B-
26,43,0.162,B-
26,44,0.063,B-
26,45,0.035,B-
26,46,0.019,B-
26,47,6.33E-7,B-
26,48,6.38E-7,B-
26,49,,B-
27,20,,
27,21,,
27,22,,
27,23,0.0388,EC
27,24,2.0000000000000002E-7,EC
27,25,0.104,EC
27,26,0.24,EC
27,27,0.193,EC
27,28,63108.00000000001,EC
27,29,6673190.4,EC
27,30,2.348E7,EC
27,31,6122304,EC
27,32,infinity,
27,33,1.663E8,B-
27,34,5936.4,B-
27,35,90,B-
27,36,27.4,B-
27,37,0.3,B-
27,38,1.16,B-
27,39,0.209,B-
27,40,0.329,B-
27,41,0.099,B-
27,42,0.18,B-
27,43,0.014,B-
27,44,0.08,B-
27,45,0.0573,B-
27,46,0.0405,B-
27,47,0.0314,B-
27,48,0.0265,B-
27,49,0.0217,B-
27,50,0.013,B-
28,20,0.0021,2P@
28,21,0.0075,EC
28,22,0.0185,EC
28,23,0.0238,EC
28,24,0.0408,EC
28,25,0.0552,EC
28,26,0.114,EC
28,27,0.205,EC
28,28,524880,EC
28,29,128160,EC
28,30,infinity,
28,31,2.398E12,EC
28,32,infinity,
28,33,infinity,
28,34,infinity,
28,35,3.194E9,B-
28,36,infinity,
28,37,9063,B-
28,38,196560,B-
28,39,21,B-
28,40,29,B-
28,41,11.4,B-
28,42,6,B-
28,43,2.56,B-
28,44,1.587,B-
28,45,0.842,B-
28,46,0.508,B-
28,47,0.332,B-
28,48,0.235,B-
28,49,0.158,B-
28,50,0.122,B-
28,51,0.043,B-
28,52,0.024,B-
29,23,,P
29,24,3.0000000000000004E-7,EC
29,25,7.5E-8,P
29,26,0.027,EC
29,27,0.093,EC
29,28,0.196,EC
29,29,3.204,EC
29,30,81.5,EC
29,31,1422,EC
29,32,12020.4,EC
29,33,580.38,EC
29,34,infinity,
29,35,45723.6,EC
29,36,infinity,
29,37,307.2,B-
29,38,222588,B-
29,39,30.9,B-
29,40,171,B-
29,41,44.5,B-
29,42,19.4,B-
29,43,6.63,B-
29,44,4.2,B-
29,45,1.594,B-
29,46,1.224,B-
29,47,0.638,B-
29,48,0.468,B-
29,49,0.335,B-
29,50,0.241,B-
29,51,0.17,B-
29,52,6.32E-7,B-
29,53,6.36E-7,B-
30,24,0.00159,2P
30,25,0.0198,EC
30,26,0.03,EC
30,27,0.038,EC
30,28,0.086,EC
30,29,0.182,EC
30,30,142.8,EC
30,31,89.1,EC
30,32,33069.6,EC
30,33,2308.2,EC
30,34,2.209E28,2EC
30,35,2.108E7,EC
30,36,infinity,
30,37,infinity,
30,38,infinity,
30,39,3384,B-
30,40,7.258E24,2B-
30,41,147,B-
30,42,167400,B-
30,43,23.5,B-
30,44,95.6,B-
30,45,10.2,B-
30,46,5.7,B-
30,47,2.08,B-
30,48,1.47,B-
30,49,0.746,B-
30,50,0.562,B-
30,51,0.304,B-
30,52,0.228,B-
30,53,0.117,B-
30,54,6.33E-7,B-
30,55,6.37E-7,B-
31,25,,
31,26,,
31,27,,
31,28,,
31,29,0.07,EC
31,30,0.167,EC
31,31,0.116,EC
31,32,32.4,EC
31,33,157.62,EC
31,34,912,EC
31,35,34164,EC
31,36,281810.88,EC
31,37,4062.6,EC
31,38,infinity,
31,39,1268.4,B-
31,40,infinity,
31,41,50760,B-
31,42,17496,B-
31,43,487.2,B-
31,44,126,B-
31,45,32.6,B-
31,46,13.2,B-
31,47,5.09,B-
31,48,2.847,B-
31,49,1.9,B-
31,50,1.217,B-
31,51,0.599,B-
31,52,0.308,B-
31,53,0.085,B-
31,54,0.092,B-
31,55,0.043,B-
31,56,6.34E-7,B-
32,26,,
32,27,3.6E-7,
32,28,1.1E-7,EC
32,29,0.044,EC
32,30,0.129,EC
32,31,0.15,EC
32,32,63.7,EC
32,33,30.9,EC
32,34,8135.1,EC
32,35,1134,EC
32,36,2.341E7,EC
32,37,140580,EC
32,38,infinity,
32,39,987552,EC
32,40,infinity,
32,41,infinity,
32,42,infinity,
32,43,4966.8,B-
32,44,infinity,
32,45,40680,B-
32,46,5280,B-
32,47,18.98,B-
32,48,29.5,B-
32,49,7.6,B-
32,50,4.56,B-
32,51,1.85,B-
32,52,0.954,B-
32,53,0.503,B-
32,54,0.226,B-
32,55,0.14,B-
32,56,3.0000000000000004E-7,B-
32,57,3.0000000000000004E-7,B-
32,58,6.35E-7,B-
33,27,,P
33,28,,P
33,29,,P
33,30,4.3E-8,P
33,31,0.018,EC
33,32,0.128,EC
33,33,0.0958,EC
33,34,42.5,EC
33,35,151.6,EC
33,36,912,EC
33,37,3156,EC
33,38,235080,EC
33,39,93600,EC
33,40,6937920,EC
33,41,1535328,EC
33,42,infinity,
33,43,94538.88,B-
33,44,139788,B-
33,45,5442,B-
33,46,540.6,B-
33,47,15.2,B-
33,48,33.3,B-
33,49,19.1,B-
33,50,13.4,B-
33,51,4.02,B-
33,52,2.021,B-
33,53,0.945,B-
33,54,0.484,B-
33,55,0.2,B-
33,56,3.0000000000000004E-7,B-
33,57,3.0000000000000004E-7,B-
33,58,1.5E-7,B-
33,59,,B-
34,30,1.8E-7,EC
34,31,0.033,EC
34,32,0.042,EC
34,33,0.136,EC
34,34,35.5,EC
34,35,27.4,EC
34,36,2466,EC
34,37,284.4,EC
34,38,725760,EC
34,39,25740,EC
34,40,infinity,
34,41,1.0349E7,EC
34,42,infinity,
34,43,infinity,
34,44,infinity,
34,45,1.0288E13,B-
34,46,infinity,2B-
34,47,1107,B-
34,48,infinity,
34,49,1335,B-
34,50,195.6,B-
34,51,32.9,B-
34,52,14.3,B-
34,53,5.5,B-
34,54,1.53,B-
34,55,0.43,B-
34,56,0.195,B-
34,57,0.27,B-
34,58,,B-
34,59,,B-
34,60,1.5E-7,B-
34,61,3.92E-7,B-
35,32,,P
35,33,1.2E-6,P
35,34,2.4E-8,P
35,35,0.0791,EC
35,36,21.4,EC
35,37,78.6,EC
35,38,204,EC
35,39,1524,EC
35,40,5802,EC
35,41,58320,EC
35,42,205329.6,EC
35,43,387,EC
35,44,infinity,
35,45,1060.8,B-
35,46,infinity,
35,47,127015.2,B-
35,48,8546.4,B-
35,49,1905.6,B-
35,50,174,B-
35,51,55.1,B-
35,52,55.65,B-
35,53,16.34,B-
35,54,4.357,B-
35,55,1.92,B-
35,56,0.543,B-
35,57,0.314,B-
35,58,0.102,B-
35,59,0.07,B-
35,60,1.5E-7,B-
35,61,1.5E-7,B-
35,62,3.0000000000000004E-7,B-
35,63,6.34E-7,B-
36,33,0.028,EC
36,34,0.04,EC
36,35,0.1,EC
36,36,17.1,EC
36,37,27.3,EC
36,38,690,EC
36,39,276,EC
36,40,53280,EC
36,41,4464,EC
36,42,4.734E28,2EC
36,43,126144,EC
36,44,infinity,
36,45,7.227E12,EC
36,46,infinity,
36,47,infinity,
36,48,infinity,
36,49,3.389E8,B-
36,50,infinity,
36,51,4578,B-
36,52,10170,B-
36,53,189,B-
36,54,32.32,B-
36,55,8.57,B-
36,56,1.84,B-
36,57,1.286,B-
36,58,0.212,B-
36,59,0.114,B-
36,60,0.08,B-
36,61,0.063,B-
36,62,0.046,B-
36,63,0.013,B-
36,64,0.007,B-
36,65,6.35E-7,B-
37,34,,P
37,35,1.2E-6,P
37,36,3.0000000000000004E-8,EC
37,37,0.0649,EC
37,38,19,EC
37,39,36.5,EC
37,40,226.2,EC
37,41,1059.6,EC
37,42,1374,EC
37,43,33.4,EC
37,44,16459.2,EC
37,45,75.45,EC
37,46,7447680,EC
37,47,2835648,EC
37,48,infinity,
37,49,1610668.8,B-
37,50,1.568E18,B-
37,51,1066.38,B-
37,52,919.2,B-
37,53,158,B-
37,54,58.2,B-
37,55,4.492,B-
37,56,5.84,B-
37,57,2.702,B-
37,58,0.378,B-
37,59,0.203,B-
37,60,0.169,B-
37,61,0.102,B-
37,62,0.054,B-
37,63,0.051,B-
37,64,0.032,B-
37,65,0.037,B-
37,66,0.023,B-
38,35,0.025,EC
38,36,0.027,EC
38,37,0.088,EC
38,38,7.89,EC
38,39,9,EC
38,40,160,EC
38,41,135,EC
38,42,6378,EC
38,43,1338,EC
38,44,2189376,EC
38,45,116675.1,EC
38,46,infinity,
38,47,5602953.6,EC
38,48,infinity,
38,49,infinity,
38,50,infinity,
38,51,4368643.2,B-
38,52,9.12E8,B-
38,53,34740,B-
38,54,9576,B-
38,55,445.8,B-
38,56,75.3,B-
38,57,23.9,B-
38,58,1.07,B-
38,59,0.429,B-
38,60,0.653,B-
38,61,0.269,B-
38,62,0.202,B-
38,63,0.118,B-
38,64,0.069,B-
38,65,0.053,B-
38,66,0.053,B-
38,67,0.039,B-
38,68,0.02,B-
38,69,3.95E-7,B-
39,37,2.0000000000000002E-7,P
39,38,0.057,EC
39,39,0.053,EC
39,40,14.8,EC
39,41,30.1,EC
39,42,70.4,EC
39,43,8.3,EC
39,44,424.8,EC
39,45,2370,EC
39,46,9648,EC
39,47,53064,EC
39,48,287280,EC
39,49,9212486.4,EC
39,50,infinity,
39,51,230590.8,B-
39,52,5055264,B-
39,53,12744,B-
39,54,36648,B-
39,55,1122,B-
39,56,618,B-
39,57,5.34,B-
39,58,3.75,B-
39,59,0.548,B-
39,60,1.484,B-
39,61,0.735,B-
39,62,0.45,B-
39,63,0.36,B-
39,64,0.23,B-
39,65,0.197,B-
39,66,0.095,B-
39,67,0.079,B-
39,68,0.0035,B-
39,69,0.03,B-
39,70,0.025,B-
40,38,1.7E-7,EC
40,39,0.056,EC
40,40,4.6,EC
40,41,5.5,EC
40,42,32,EC
40,43,42,EC
40,44,1548,EC
40,45,471.6,EC
40,46,59400,EC
40,47,6048,EC
40,48,7205760.000000001,EC
40,49,282276,EC
40,50,infinity,
40,51,infinity,
40,52,infinity,
40,53,5.0808E13,B-
40,54,infinity,
40,55,5532364.8,B-
40,56,7.416E26,2B-
40,57,60296.4,B-
40,58,30.7,B-
40,59,2.1,B-
40,60,7.1,B-
40,61,2.3,B-
40,62,2.9,B-
40,63,1.32,B-
40,64,0.87,B-
40,65,0.67,B-
40,66,0.18,B-
40,67,0.146,B-
40,68,0.0774,B-
40,69,0.056,B-
40,70,0.0375,B-
40,71,0.024,B-
40,72,0.03,B-
41,40,2.0000000000000002E-7,EC
41,41,0.05,EC
41,42,3.9,EC
41,43,9.8,EC
41,44,20.5,EC
41,45,88,EC
41,46,222,EC
41,47,873,EC
41,48,7307.1,EC
41,49,52560,EC
41,50,2.146E10,EC
41,51,1.095E15,EC
41,52,infinity,
41,53,6.406E11,B-
41,54,3023222.4,B-
41,55,84060,B-
41,56,4326,B-
41,57,2.86,B-
41,58,15,B-
41,59,1.5,B-
41,60,7.1,B-
41,61,4.3,B-
41,62,1.5,B-
41,63,4.9,B-
41,64,2.95,B-
41,65,1.02,B-
41,66,0.3,B-
41,67,0.198,B-
41,68,0.106,B-
41,69,0.086,B-
41,70,0.051,B-
41,71,0.033,B-
41,72,0.032,B-
41,73,0.017,B-
41,74,0.023,B-
42,39,4.5E-7,EC
42,40,4.37E-7,EC
42,41,0.006,EC
42,42,2.3,EC
42,43,3.2,EC
42,44,19.1,EC
42,45,14.02,EC
42,46,480,EC
42,47,126.6,EC
42,48,20016,EC
42,49,929.4,EC
42,50,infinity,
42,51,1.262E11,EC
42,52,infinity,
42,53,infinity,
42,54,infinity,
42,55,infinity,
42,56,infinity,
42,57,237513.6,B-
42,58,2.304E26,2B-
42,59,876.6,B-
42,60,678,B-
42,61,67.5,B-
42,62,60,B-
42,63,35.6,B-
42,64,8.73,B-
42,65,3.5,B-
42,66,1.09,B-
42,67,0.66,B-
42,68,0.296,B-
42,69,0.186,B-
42,70,0.12,B-
42,71,0.08,B-
42,72,0.058,B-
42,73,0.0455,B-
42,74,0.032,B-
42,75,0.022,B-
42,76,0.019,B-
43,42,0.5,P
43,43,0.055,EC
43,44,2.2,EC
43,45,6.4,EC
43,46,12.8,EC
43,47,8.7,EC
43,48,188.4,EC
43,49,255,EC
43,50,9900,EC
43,51,17580,EC
43,52,72000,EC
43,53,369792,EC
43,54,1.329E14,EC
43,55,1.325E14,B-
43,56,6.662E12,B-
43,57,15.46,B-
43,58,841.2,B-
43,59,5.28,B-
43,60,54.2,B-
43,61,1098,B-
43,62,456,B-
43,63,35.6,B-
43,64,21.2,B-
43,65,5.17,B-
43,66,0.86,B-
43,67,0.92,B-
43,68,0.35,B-
43,69,0.271,B-
43,70,0.152,B-
43,71,0.1,B-
43,72,0.078,B-
43,73,0.057,B-
43,74,0.0445,B-
43,75,0.03,B-
43,76,0.022,B-
43,77,0.021,B-
43,78,0.022,B-
44,41,4.5E-7,EC
44,42,4.38E-7,EC
44,43,1.5E-6,EC
44,44,1.2,EC
44,45,1.5,EC
44,46,11.7,EC
44,47,8,EC
44,48,219,EC
44,49,59.7,EC
44,50,3108,EC
44,51,5914.8,EC
44,52,infinity,
44,53,244512,EC
44,54,infinity,
44,55,infinity,
44,56,infinity,
44,57,infinity,
44,58,infinity,
44,59,3390940.8,B-
44,60,infinity,
44,61,15984.000000000002,B-
44,62,3.212E7,B-
44,63,225,B-
44,64,273,B-
44,65,34.5,B-
44,66,11.6,B-
44,67,2.12,B-
44,68,1.75,B-
44,69,0.8,B-
44,70,0.52,B-
44,71,0.318,B-
44,72,0.204,B-
44,73,0.151,B-
44,74,0.123,B-
44,75,0.0695,B-
44,76,0.045,B-
44,77,0.029,B-
44,78,0.025,B-
44,79,0.019,B-
44,80,0.015,B-
45,44,1.5E-6,EC
45,45,0.012,EC
45,46,1.47,EC
45,47,5.7,EC
45,48,12.2,EC
45,49,66,EC
45,50,301.2,EC
45,51,594,EC
45,52,1842,EC
45,53,523.2,EC
45,54,1391040.0000000002,EC
45,55,74880,EC
45,56,1.0414E8,EC
45,57,1.791E7,EC
45,58,infinity,
45,59,42.3,EC
45,60,127296,B-
45,61,30.07,B-
45,62,1302,B-
45,63,16.8,B-
45,64,80,B-
45,65,28.5,B-
45,66,11,B-
45,67,3.6,B-
45,68,2.8,B-
45,69,1.85,B-
45,70,0.99,B-
45,71,0.68,B-
45,72,0.44,B-
45,73,0.266,B-
45,74,0.171,B-
45,75,0.136,B-
45,76,0.151,B-
45,77,3.0000000000000004E-7,B-
45,78,0.042,B-
45,79,0.03,B-
45,80,0.0265,B-
45,81,0.019,B-
45,82,0.02,B-
46,45,1E-6,EC
46,46,0.7,EC
46,47,1,EC
46,48,9.6,EC
46,49,5,EC
46,50,122,EC
46,51,186,EC
46,52,1062,EC
46,53,1284,EC
46,54,313632,EC
46,55,30492.000000000004,EC
46,56,infinity,
46,57,1468022.4,EC
46,58,infinity,
46,59,infinity,
46,60,infinity,
46,61,2.0512E14,B-
46,62,infinity,
46,63,49324.32,B-
46,64,infinity,
46,65,1404,B-
46,66,75744,B-
46,67,93,B-
46,68,145.2,B-
46,69,25,B-
46,70,11.8,B-
46,71,4.3,B-
46,72,1.9,B-
46,73,0.92,B-
46,74,0.492,B-
46,75,0.285,B-
46,76,0.175,B-
46,77,0.108,B-
46,78,0.038,B-
46,79,0.057,B-
46,80,0.0486,B-
46,81,0.038,B-
46,82,0.035,B-
47,46,,P
47,47,0.026,EC
47,48,1.75,EC
47,49,4.4,EC
47,50,25.5,EC
47,51,47.5,EC
47,52,124,EC
47,53,120.6,EC
47,54,666,EC
47,55,774,EC
47,56,3942,EC
47,57,4152,EC
47,58,3567456,EC
47,59,1437.6,B-
47,60,infinity,
47,61,142.92,EC
47,62,infinity,
47,63,24.6,B-
47,64,643680,B-
47,65,11268,B-
47,66,19332,B-
47,67,4.6,B-
47,68,1200,B-
47,69,237,B-
47,70,72.8,B-
47,71,3.76,B-
47,72,6,B-
47,73,1.23,B-
47,74,0.78,B-
47,75,0.529,B-
47,76,0.3,B-
47,77,0.191,B-
47,78,0.159,B-
47,79,0.052,B-
47,80,0.109,B-
47,81,0.058,B-
47,82,0.046,B-
47,83,0.042,B-
47,84,0.035,B-
47,85,0.028,B-
48,47,,EC
48,48,1.03,EC
48,49,1.1,EC
48,50,9.2,EC
48,51,16,EA
48,52,49.1,EC
48,53,81.6,EC
48,54,330,EC
48,55,438,EC
48,56,3462,EC
48,57,3330,EC
48,58,1.136E28,2EC
48,59,23400,EC
48,60,5.996E25,2EC
48,61,3.986E7,EC
48,62,infinity,
48,63,infinity,
48,64,infinity,
48,65,2.525E23,B-
48,66,6.627E25,2B-
48,67,192456,B-
48,68,1.0414E27,2B-
48,69,8964,B-
48,70,3018,B-
48,71,161.4,B-
48,72,50.8,B-
48,73,13.5,B-
48,74,5.24,B-
48,75,2.1,B-
48,76,1.25,B-
48,77,0.68,B-
48,78,0.515,B-
48,79,0.37,B-
48,80,0.28,B-
48,81,0.154,B-
48,82,0.162,B-
48,83,0.068,B-
48,84,0.097,B-
48,85,0.057,B-
48,86,0.065,B-
49,48,,P
49,49,0.032,EC
49,50,3,EC
49,51,5.8,EC
49,52,15.1,EC
49,53,23.3,EC
49,54,65,EC
49,55,108,EC
49,56,304.2,EC
49,57,372,EC
49,58,1944,EC
49,59,3480,EC
49,60,15001.2,EC
49,61,17640,EC
49,62,242326.08,EC
49,63,892.8,B-
49,64,infinity,
49,65,71.9,EC
49,66,1.392E22,B-
49,67,14.1,B-
49,68,2592,B-
49,69,5,B-
49,70,144,B-
49,71,3.08,B-
49,72,23.1,B-
49,73,1.5,B-
49,74,6.17,B-
49,75,3.12,B-
49,76,2.36,B-
49,77,1.53,B-
49,78,1.09,B-
49,79,0.84,B-
49,80,0.611,B-
49,81,0.29,B-
49,82,0.28,B-
49,83,0.207,B-
49,84,0.165,B-
49,85,0.14,B-
49,86,0.092,B-
49,87,0.085,B-
49,88,0.065,B-
50,49,,EC
50,50,1.16,EC
50,51,1.7,EC
50,52,3.8,EC
50,53,7,EC
50,54,20.8,EC
50,55,32.7,EC
50,56,115,EC
50,57,174,EC
50,58,618,EC
50,59,1080,EC
50,60,14796.000000000002,EC
50,61,2118,EC
50,62,4.102E28,2EC
50,63,9943776,EC
50,64,infinity,
50,65,infinity,
50,66,infinity,
50,67,infinity,
50,68,infinity,
50,69,infinity,
50,70,infinity,
50,71,97308,B-
50,72,infinity,
50,73,1.116E7,B-
50,74,3.787E28,2B-
50,75,832896,B-
50,76,7.258E12,B-
50,77,7560,B-
50,78,3544.2,B-
50,79,133.8,B-
50,80,223.2,B-
50,81,56,B-
50,82,39.7,B-
50,83,1.46,B-
50,84,1.05,B-
50,85,0.53,B-
50,86,0.29,B-
50,87,0.19,B-
50,88,0.14,B-
50,89,0.13,B-
51,52,1.5E-6,EC
51,53,0.44,EC
51,54,1.22,EC
51,55,0.6,EC
51,56,4,EC
51,57,7.4,EC
51,58,17,EC
51,59,23,EC
51,60,75,EC
51,61,53.5,EC
51,62,400.2,EC
51,63,209.4,EC
51,64,1926,EC
51,65,948,EC
51,66,10080,EC
51,67,216,EC
51,68,137484,EC
51,69,953.4,EC
51,70,infinity,
51,71,235336.32,B-
51,72,infinity,
51,73,5201280,B-
51,74,8.705E7,B-
51,75,1067040,B-
51,76,332640,B-
51,77,32580.000000000004,B-
51,78,15717.6,B-
51,79,2370,B-
51,80,1381.8,B-
51,81,167.4,B-
51,82,140.4,B-
51,83,0.78,B-
51,84,1.679,B-
51,85,0.923,B-
51,86,0.492,B-
51,87,0.348,B-
51,88,0.093,B-
51,89,4.07E-7,B-
52,53,6.2E-7,A
52,54,7E-5,A
52,55,0.0031,A
52,56,2.1,EC
52,57,4.6,A
52,58,18.6,EC
52,59,19.3,EC
52,60,120,EC
52,61,102,EC
52,62,912,EC
52,63,348,EC
52,64,8964,EC
52,65,3720,EC
52,66,518400,EC
52,67,57780,EC
52,68,infinity,
52,69,1656288.0000000002,EC
52,70,infinity,
52,71,2.903E24,EC
52,72,infinity,
52,73,infinity,
52,74,infinity,
52,75,33660,B-
52,76,7.605E31,2B-
52,77,4194,B-
52,78,9.467E31,2B-
52,79,1500,B-
52,80,276825.6,B-
52,81,750,B-
52,82,2508,B-
52,83,19,B-
52,84,17.63,B-
52,85,2.49,B-
52,86,1.4,B-
52,87,1.5E-7,B-
52,88,3.0000000000000004E-7,B-
52,89,1.5E-7,B-
52,90,,B-
52,91,4.08E-7,B-
53,54,,
53,55,0.036,A
53,56,9.35E-5,P
53,57,0.65,EA
53,58,2.5,EC
53,59,3.34,EC
53,60,6.6,EC
53,61,2.1,EC
53,62,78,EC
53,63,2.91,EC
53,64,133.2,EC
53,65,822,EC
53,66,1146,EC
53,67,4896,EC
53,68,7632,EC
53,69,217.8,EC
53,70,47604.6,EC
53,71,360806.4,EC
53,72,5132764.8,EC
53,73,1117152,EC
53,74,infinity,
53,75,1499.4,B-
53,76,4.955E14,B-
53,77,44496,B-
53,78,693377.28,B-
53,79,8262,B-
53,80,74988,B-
53,81,3150,B-
53,82,23688,B-
53,83,83.4,B-
53,84,24.5,B-
53,85,6.23,B-
53,86,2.28,B-
53,87,0.86,B-
53,88,0.43,B-
53,89,0.222,B-
53,90,0.13,B-
53,91,3.0000000000000004E-7,B-
53,92,4.07E-7,B-
54,54,,
54,55,0.013,A
54,56,0.093,A
54,57,0.81,EC
54,58,2.7,EC
54,59,2.74,EC
54,60,10,EC
54,61,18,EC
54,62,59,EC
54,63,61,EC
54,64,228,EC
54,65,348,EC
54,66,2400,EC
54,67,2406,EC
54,68,72360,EC
54,69,7488,EC
54,70,5.0492E21,2EC
54,71,60839.1,EC
54,72,infinity,
54,73,3140294.4,EC
54,74,infinity,
54,75,infinity,
54,76,infinity,
54,77,infinity,
54,78,infinity,
54,79,453383.1,B-
54,80,1.83E30,2B-
54,81,32904,B-
54,82,7.574E28,2B-
54,83,229.08,B-
54,84,844.8,B-
54,85,39.68,B-
54,86,13.6,B-
54,87,1.73,B-
54,88,1.23,B-
54,89,0.511,B-
54,90,0.388,B-
54,91,0.188,B-
54,92,0.146,B-
54,93,0.1,B-
54,94,4.08E-7,B-
55,57,4.9E-4,A
55,58,1.77E-5,P
55,59,0.57,EA
55,60,1.4,EC
55,61,0.7,EC
55,62,8.4,EC
55,63,14,EA
55,64,43,EC
55,65,61.3,EC
55,66,155,EC
55,67,21.18,EC
55,68,352.8,EC
55,69,30.9,EC
55,70,2802,EC
55,71,98.4,EC
55,72,22500,EC
55,73,219.6,EC
55,74,115416.00000000001,EC
55,75,1752.6,EC
55,76,837129.6,EC
55,77,559872,EC
55,78,infinity,
55,79,6.517E7,EC
55,80,7.258E13,B-
55,81,1126656,B-
55,82,9.493E8,B-
55,83,2004.6,B-
55,84,556.2,B-
55,85,63.7,B-
55,86,24.84,B-
55,87,1.684,B-
55,88,1.791,B-
55,89,0.994,B-
55,90,0.587,B-
55,91,0.322,B-
55,92,0.23,B-
55,93,0.146,B-
55,94,0.05,B-
55,95,0.05,B-
55,96,0.05,B-
56,56,,
56,57,,
56,58,0.43,EC
56,59,0.45,EC
56,60,1.3,EC
56,61,1.75,EC
56,62,5.5,EC
56,63,5.4,EC
56,64,24,EC
56,65,29.7,EC
56,66,117,EC
56,67,162,EC
56,68,660,EC
56,69,198,EC
56,70,6000,EC
56,71,762,EC
56,72,209952,EC
56,73,8028,EC
56,74,infinity,2EC
56,75,993600,EC
56,76,9.467E28,2EC
56,77,3.33E8,EC
56,78,infinity,
56,79,infinity,
56,80,infinity,
56,81,infinity,
56,82,infinity,
56,83,4983.6,B-
56,84,1101833.28,B-
56,85,1096.2,B-
56,86,636,B-
56,87,14.5,B-
56,88,11.5,B-
56,89,4.31,B-
56,90,2.22,B-
56,91,0.894,B-
56,92,0.612,B-
56,93,0.344,B-
56,94,0.3,B-
56,95,3.0000000000000004E-7,B-
56,96,4.06E-7,B-
56,97,,B-
57,60,0.0235,P
57,61,,EC
57,62,,EC
57,63,2.8,EC
57,64,5.3,EC
57,65,8.6,EC
57,66,17,EC
57,67,29.21,EC
57,68,64.8,EC
57,69,54,EC
57,70,306,EC
57,71,310.8,EC
57,72,696,EC
57,73,522,EC
57,74,3540,EC
57,75,17280,EC
57,76,14083.2,EC
57,77,387,EC
57,78,70200,EC
57,79,592.2,EC
57,80,1.893E12,EC
57,81,3.219E18,EC
57,82,infinity,
57,83,145026.72,B-
57,84,14112,B-
57,85,5466,B-
57,86,852,B-
57,87,40.8,B-
57,88,24.8,B-
57,89,6.27,B-
57,90,4.06,B-
57,91,1.26,B-
57,92,1.05,B-
57,93,0.59,B-
57,94,3.0000000000000004E-7,B-
57,95,1.5E-7,B-
57,96,1.0000000000000001E-7,B-
57,97,,B-
57,98,,B-
58,61,,EC
58,62,,EC
58,63,1.1,EC
58,64,,EC
58,65,3.8,EC
58,66,6,EC
58,67,9.7,EC
58,68,51,EC
58,69,34,EC
58,70,235.8,EC
58,71,210,EC
58,72,1374,EC
58,73,618,EC
58,74,12636,EC
58,75,5820,EC
58,76,273024,EC
58,77,63720,EC
58,78,2.209E21,2EC
58,79,32400,EC
58,80,2.84E21,2EC
58,81,1.189E7,EC
58,82,infinity,
58,83,2808950.4,B-
58,84,1.578E24,2B-
58,85,118940.4,B-
58,86,2.462E7,B-
58,87,180.6,B-
58,88,809.4,B-
58,89,56.4,B-
58,90,56.8,B-
58,91,5.3,B-
58,92,4,B-
58,93,1.76,B-
58,94,1.4,B-
58,95,1.0000000000000001E-7,B-
58,96,1.0000000000000001E-7,B-
58,97,3.0000000000000004E-7,B-
58,98,,B-
58,99,,B-
59,62,0.01,P
59,63,0.5,EC
59,64,0.8,EC
59,65,1.2,EC
59,66,3.3,EC
59,67,3.14,EC
59,68,4.2,EC
59,69,2.85,EC
59,70,30,EC
59,71,40,EC
59,72,90.6,EC
59,73,96,EC
59,74,390,EC
59,75,660,EC
59,76,1440,EC
59,77,786,EC
59,78,4608,EC
59,79,87,EC
59,80,15876,EC
59,81,203.4,EC
59,82,infinity,
59,83,68832,EC
59,84,1172448,B-
59,85,1036.8,B-
59,86,21542.4,B-
59,87,1449,B-
59,88,804,B-
59,89,137.4,B-
59,90,135.6,B-
59,91,6.19,B-
59,92,18.9,B-
59,93,3.57,B-
59,94,4.28,B-
59,95,2.3,B-
59,96,3.0000000000000004E-7,B-
59,97,3.0000000000000004E-7,B-
59,98,,B-
59,99,,B-
59,100,,B-
60,64,,EC
60,65,0.65,EC
60,66,2.0000000000000002E-7,EC
60,67,1.8,EC
60,68,5,EC
60,69,6.7,EC
60,70,21,EC
60,71,25.4,EC
60,72,94,EC
60,73,70,EC
60,74,510,EC
60,75,744,EC
60,76,3039,EC
60,77,2310,EC
60,78,18144,EC
60,79,1782,EC
60,80,291168,EC
60,81,8964,EC
60,82,infinity,
60,83,infinity,
60,84,7.227E22,A
60,85,infinity,
60,86,infinity,
60,87,948672,B-
60,88,infinity,
60,89,6220.8,B-
60,90,2.872E26,2B-
60,91,746.4,B-
60,92,684,B-
60,93,31.6,B-
60,94,25.9,B-
60,95,8.9,B-
60,96,5.06,B-
60,97,0.1,B-
60,98,1.6E-7,B-
60,99,1.6E-7,B-
60,100,1.6E-7,B-
60,101,1.6E-7,B-
61,65,,EC
61,66,,P
61,67,1,EC
61,68,2.4,P
61,69,2.6,EC
61,70,6.3,EC
61,71,6.2,EC
61,72,13.5,EC
61,73,5,EC
61,74,49,EC
61,75,107,EC
61,76,144,EC
61,77,10,EC
61,78,249.00000000000003,EC
61,79,9.2,EC
61,80,1254,EC
61,81,40.5,EC
61,82,2.29E7,EC
61,83,3.136E7,EC
61,84,5.586E8,EC
61,85,1.745E8,EC
61,86,8.279E7,B-
61,87,463795.2,B-
61,88,191088,B-
61,89,9712.8,B-
61,90,102240,B-
61,91,247.2,B-
61,92,315,B-
61,93,160.8,B-
61,94,41.5,B-
61,95,26.7,B-
61,96,10.56,B-
61,97,4.8,B-
61,98,1.5,B-
61,99,1.6E-7,B-
61,100,1.6E-7,B-
61,101,1.6E-7,B-
61,102,1.6E-7,B-
62,66,,EC
62,67,0.55,EC
62,68,,EC
62,69,1.2,EC
62,70,4,EC
62,71,2.89,EC
62,72,9.5,EC
62,73,10.3,EC
62,74,47,EC
62,75,45,EC
62,76,186,EC
62,77,154.2,EC
62,78,889.2,EC
62,79,612,EC
62,80,4349.4,EC
62,81,525,EC
62,82,infinity,
62,83,2.938E7,EC
62,84,3.25E15,A
62,85,3.345E18,A
62,86,2.209E23,A
62,87,infinity,
62,88,infinity,
62,89,2.84E9,B-
62,90,infinity,
62,91,166622.4,B-
62,92,infinity,
62,93,1338,B-
62,94,33840,B-
62,95,481.8,B-
62,96,318,B-
62,97,11.37,B-
62,98,9.6,B-
62,99,4.8,B-
62,100,2.4,B-
62,101,1.6E-7,B-
62,102,1.6E-7,B-
62,103,1.6E-7,B-
63,67,9.000000000000001E-4,P
63,68,0.0178,EC
63,69,,P
63,70,,EC
63,71,0.5,EC
63,72,1.5,EC
63,73,3.3,EC
63,74,11,EC
63,75,12.1,EC
63,76,17.9,EC
63,77,1.51,EC
63,78,40.7,EC
63,79,2.34,EC
63,80,155.4,EC
63,81,10.2,EC
63,82,512352,EC
63,83,398304,EC
63,84,2082240.0000000002,A
63,85,4708800,EC
63,86,8043839.1,EC
63,87,1.164E9,EC
63,88,5.365E25,A
63,89,4.266E8,EC
63,90,infinity,
63,91,2.714E8,B-
63,92,1.5E8,B-
63,93,1312416,B-
63,94,54648,B-
63,95,2754,B-
63,96,1086,B-
63,97,38,B-
63,98,26,B-
63,99,10.6,B-
63,100,7.7,B-
63,101,4.2,B-
63,102,2.3,B-
63,103,1.7,B-
63,104,1.6E-7,B-
63,105,1.6E-7,B-
64,69,,
64,70,,EC
64,71,1.1,EC
64,72,2.0000000000000002E-7,EC
64,73,2.2,EC
64,74,4.7,EC
64,75,5.8,EC
64,76,15.8,EC
64,77,14,EC
64,78,70.2,EC
64,79,39,EC
64,80,268.2,EC
64,81,1380,EC
64,82,4170528.0000000005,EC
64,83,137016,EC
64,84,2.244E9,A
64,85,801792,A
64,86,5.649E13,A
64,87,1.0705E7,EC
64,88,3.408E21,A
64,89,2.0771E7,EC
64,90,infinity,
64,91,infinity,
64,92,infinity,
64,93,infinity,
64,94,infinity,
64,95,66524.4,B-
64,96,9.783E26,2B-
64,97,219.6,B-
64,98,504,B-
64,99,68,B-
64,100,45,B-
64,101,10.3,B-
64,102,4.8,B-
64,103,1.6E-7,B-
64,104,1.6E-7,B-
64,105,1.6E-7,B-
64,106,1.6E-7,B-
65,70,9.4E-4,P
65,71,,EC
65,72,,P
65,73,2.0000000000000002E-7,EC
65,74,1.6,EC
65,75,2,EC
65,76,3.5,EC
65,77,0.597,EC
65,78,12,EC
65,79,1,EC
65,80,,EC
65,81,8,EC
65,82,5904,EC
65,83,3600,EC
65,84,14824.8,A
65,85,12528,EC
65,86,63392.4,EC
65,87,63000,EC
65,88,202176,EC
65,89,77400,EC
65,90,459648,EC
65,91,462239.1,EC
65,92,2.241E9,EC
65,93,5.68E9,EC
65,94,infinity,
65,95,6246720,B-
65,96,595296,B-
65,97,456,B-
65,98,1170,B-
65,99,180,B-
65,100,126.6,B-
65,101,25.1,B-
65,102,19.4,B-
65,103,8.2,B-
65,104,1.6E-7,B-
65,105,1.6E-7,B-
65,106,1.6E-7,B-
65,107,1.6E-7,B-
66,72,,EC
66,73,0.6,EC
66,74,,EC
66,75,0.9,EC
66,76,2.3,EC
66,77,5.6,EC
66,78,9.1,EC
66,79,6,EC
66,80,33.2,EC
66,81,67,EC
66,82,198,EC
66,83,252,EC
66,84,430.2,EC
66,85,1074,EC
66,86,8568,EC
66,87,23040,EC
66,88,9.467E13,A
66,89,35640,EC
66,90,infinity,
66,91,29304.000000000004,EC
66,92,infinity,
66,93,1.248E7,EC
66,94,infinity,
66,95,infinity,
66,96,infinity,
66,97,infinity,
66,98,infinity,
66,99,8402.4,B-
66,100,293760,B-
66,101,372,B-
66,102,522,B-
66,103,39,B-
66,104,55,B-
66,105,1.6E-7,B-
66,106,1.6E-7,B-
66,107,1.6E-7,B-
67,73,0.006,P
67,74,0.0041,P
67,75,0.4,EC
67,76,,EC
67,77,0.7,EC
67,78,2.4,EC
67,79,3.32,EC
67,80,5.8,EC
67,81,2.2,EC
67,82,21.1,EC
67,83,72,EC
67,84,35.2,EC
67,85,161.8,EC
67,86,120.6,EC
67,87,705.6,EC
67,88,2880,EC
67,89,3360,EC
67,90,756,EC
67,91,678,EC
67,92,1982.1,EC
67,93,1536,EC
67,94,8928,EC
67,95,900,EC
67,96,1.442E11,EC
67,97,1740,EC
67,98,infinity,
67,99,96566.4,B-
67,100,10810.8,B-
67,101,179.4,B-
67,102,283.2,B-
67,103,165.6,B-
67,104,53,B-
67,105,25,B-
67,106,1.6E-7,B-
67,107,1.6E-7,B-
67,108,1.6E-7,B-
67,109,1.6E-7,B-
68,74,,
68,75,,EC
68,76,2.0000000000000002E-7,EC
68,77,,EC
68,78,1.7,EC
68,79,2.5,EC
68,80,4.6,EC
68,81,4,EC
68,82,18.5,EC
68,83,23.5,EC
68,84,10.3,A
68,85,37.1,A
68,86,223.8,EC
68,87,318,EC
68,88,1170,EC
68,89,1119,EC
68,90,8244,EC
68,91,2160,EC
68,92,102888,EC
68,93,11556,EC
68,94,infinity,
68,95,4500,EC
68,96,infinity,
68,97,37296,EC
68,98,infinity,
68,99,infinity,
68,100,infinity,
68,101,811468.8,B-
68,102,infinity,
68,103,27057.6,B-
68,104,177480,B-
68,105,84,B-
68,106,192,B-
68,107,72,B-
68,108,1.6E-7,B-
68,109,1.6E-7,B-
68,110,1.6E-7,B-
69,75,1.9E-6,P>
69,76,3.17E-6,P
69,77,0.068,P
69,78,0.58,EC
69,79,0.7,EC
69,80,0.9,EC
69,81,2.2,EC
69,82,4.17,EC
69,83,8,EC
69,84,1.48,A
69,85,8.1,A
69,86,21.6,EC
69,87,83.8,EC
69,88,217.8,EC
69,89,238.8,EC
69,90,547.8,EC
69,91,564,EC
69,92,1812,EC
69,93,1302,EC
69,94,6516,EC
69,95,120,EC
69,96,108216,EC
69,97,27720,EC
69,98,799200,EC
69,99,8043839.1,EC
69,100,infinity,
69,101,1.111E7,EC
69,102,6.0591E7,B-
69,103,228960,B-
69,104,29664,B-
69,105,324,B-
69,106,912,B-
69,107,114,B-
69,108,90,B-
69,109,3.0000000000000004E-7,B-
69,110,1.6E-7,B-
69,111,1.6E-7,B-
69,112,1.6E-7,B-
70,78,,EC
70,79,0.7,EC
70,80,2.0000000000000002E-7,EC
70,81,1.6,EC
70,82,3.03,EC
70,83,4.2,A
70,84,0.409,A
70,85,1.793,A
70,86,26.1,EC
70,87,38.6,EC
70,88,89.4,EC
70,89,100.2,EC
70,90,288,EC
70,91,252,EC
70,92,1132.2,EC
70,93,663,EC
70,94,4548,EC
70,95,594,EC
70,96,204120,EC
70,97,1050,EC
70,98,infinity,
70,99,2766355.2,EC
70,100,infinity,
70,101,infinity,
70,102,infinity,
70,103,infinity,
70,104,infinity,
70,105,361583.1,B-
70,106,infinity,
70,107,6879.6,B-
70,108,4440,B-
70,109,480,B-
70,110,144,B-
70,111,1.6E-7,B-
70,112,1.6E-7,B-
70,113,2.22E-7,B-
70,114,1.6E-7,B-
70,115,1.6E-7,B-
71,79,0.045,P
71,80,0.0806,P
71,81,0.7,EC
71,82,0.9,A
71,83,,
71,84,0.068,A
71,85,0.494,A
71,86,6.8,A
71,87,10.6,A
71,88,12.1,EC
71,89,36.1,A
71,90,77,EC
71,91,82.2,EC
71,92,238.2,EC
71,93,188.4,EC
71,94,644.4,EC
71,95,159,EC
71,96,3090,EC
71,97,330,EC
71,98,122616.00000000001,EC
71,99,173836.8,EC
71,100,711936,EC
71,101,578880,EC
71,102,4.323E7,EC
71,103,1.0446E8,EC
71,104,infinity,
71,105,1.187E18,B-
71,106,574300.8,B-
71,107,1704,B-
71,108,16524,B-
71,109,342,B-
71,110,210,B-
71,111,120,B-
71,112,58,B-
71,113,19,B-
71,114,1.6E-7,B-
71,115,1.6E-7,B-
71,116,1.6E-7,B-
71,117,1.6E-7,B-
72,81,6.000000000000001E-8,EC
72,82,2,
72,83,0.84,EC
72,84,0.023,A
72,85,0.115,A
72,86,2.85,EC
72,87,5.6,A
72,88,13.6,EC
72,89,18.4,EC
72,90,39.4,EC
72,91,40,EC
72,92,111,EC
72,93,76,EC
72,94,406.2,EC
72,95,122.1,EC
72,96,1557,EC
72,97,194.4,EC
72,98,57636.00000000001,EC
72,99,43560,EC
72,100,5.901E7,EC
72,101,84960,EC
72,102,6.312E22,A
72,103,6048000,EC
72,104,infinity,
72,105,infinity,
72,106,infinity,
72,107,infinity,
72,108,infinity,
72,109,3662496,B-
72,110,2.809E14,B-
72,111,3664.8,B-
72,112,14832,B-
72,113,210,B-
72,114,156,B-
72,115,2.7E-7,B-
72,116,,B-
72,117,,B-
72,118,1.6E-7,B-
73,82,0.0029,P
73,83,0.144,P
73,84,0.0101,A
73,85,0.055,A
73,86,0.83,EC
73,87,1.55,A
73,88,,EC
73,89,3.57,EC
73,90,10.6,A
73,91,14.2,EC
73,92,31,EC
73,93,34.4,EC
73,94,80,EC
73,95,120,EC
73,96,294,EC
73,97,405.6,EC
73,98,1398,EC
73,99,2208,EC
73,100,11304,EC
73,101,4104,EC
73,102,37800,EC
73,103,29124,EC
73,104,203616,EC
73,105,558.6,EC
73,106,5.743E7,EC
73,107,29354.4,B-
73,108,infinity,
73,109,9913536,B-
73,110,440639.1,B-
73,111,31319.1,B-
73,112,2964,B-
73,113,630,B-
73,114,138,B-
73,115,19.6,B-
73,116,3.0000000000000004E-7,B-
73,117,5.3,B-
73,118,3.0000000000000004E-7,B-
73,119,2.2,B-
73,120,1.6E-7,B-
73,121,1.6E-7,B-
74,83,0.275,EC
74,84,0.00125,A
74,85,0.0073,A
74,86,0.091,A
74,87,0.409,EC
74,88,1.36,EC
74,89,2.67,EC
74,90,6.3,EC
74,91,5.1,EC
74,92,19.2,EC
74,93,19.9,EC
74,94,50.9,A
74,95,74,EC
74,96,145.2,EC
74,97,142.8,EC
74,98,396,EC
74,99,456,EC
74,100,1992.0000000000002,EC
74,101,2112,EC
74,102,9000,EC
74,103,7920,EC
74,104,1866240.0000000002,EC
74,105,2223,EC
74,106,2.0828E25,2EC
74,107,1.0472E7,EC
74,108,infinity,
74,109,2.114E28,A
74,110,infinity,
74,111,6488639.1,B-
74,112,7.258E26,2B-
74,113,86400,B-
74,114,6028992,B-
74,115,642,B-
74,116,1800,B-
74,117,3.0000000000000004E-7,B-
74,118,,B-
74,119,3.0000000000000004E-7,B-
74,120,3.0000000000000004E-7,B-
74,121,1.6E-7,B-
74,122,1.6E-7,B-
74,123,1.6E-7,B-
75,84,,
75,85,8.2E-4,P
75,86,4.4E-4,A
75,87,0.107,EC
75,88,0.39,A
75,89,0.85,A
75,90,1.6,A
75,91,2.25,EC
75,92,5.9,A
75,93,4.4,EC
75,94,8.1,EC
75,95,9.2,EC
75,96,15.2,EC
75,97,55,EC
75,98,118.8,EC
75,99,144,EC
75,100,353.4,EC
75,101,318,EC
75,102,840,EC
75,103,792,EC
75,104,1170,EC
75,105,147.6,EC
75,106,71640,EC
75,107,231120,EC
75,108,6048000,EC
75,109,3058560,EC
75,110,infinity,
75,111,321287.04,B-
75,112,1.366E18,B-
75,113,61210.8,B-
75,114,87480,B-
75,115,186,B-
75,116,588,B-
75,117,16,B-
75,118,,B-
75,119,5,B-
75,120,6,B-
75,121,3,B-
75,122,1.6E-7,B-
75,123,1.6E-7,B-
75,124,1.6E-7,B-
76,85,6.4E-4,A
76,86,0.0021,A
76,87,0.0055,A
76,88,0.021,A
76,89,0.071,EC
76,90,0.208,A
76,91,0.81,EC
76,92,2.1,EC
76,93,3.43,EC
76,94,7.37,EC
76,95,8.3,EC
76,96,19.2,A
76,97,22.4,EC
76,98,44,A
76,99,84,EC
76,100,216,EC
76,101,180,EC
76,102,300,A
76,103,390,EC
76,104,1290,EC
76,105,6300,EC
76,106,78624,EC
76,107,46800,EC
76,108,1.767E21,A
76,109,8087039.1,EC
76,110,6.312E22,A
76,111,infinity,
76,112,infinity,
76,113,infinity,
76,114,infinity,
76,115,1330560,B-
76,116,infinity,
76,117,108396,B-
76,118,1.893E8,B-
76,119,540,B-
76,120,2094,B-
76,121,168,B-
76,122,,B-
76,123,5,B-
76,124,6,B-
76,125,1.6E-7,B-
76,126,1.6E-7,B-
76,127,1.6E-7,B-
77,87,7E-5,P
77,88,1E-6,P
77,89,0.0105,A
77,90,0.03,P
77,91,0.222,A
77,92,0.57,A
77,93,0.87,A
77,94,3.2,P
77,95,4.4,EC
77,96,9,EC
77,97,7.9,A
77,98,9,A
77,99,8.6,EC
77,100,30,EC
77,101,12,EC
77,102,79,EC
77,103,90,EC
77,104,294,EC
77,105,900,EC
77,106,3480,EC
77,107,11124,EC
77,108,51840,EC
77,109,59904,EC
77,110,37800,EC
77,111,149400,EC
77,112,1140480,EC
77,113,1017792,EC
77,114,infinity,
77,115,6378825.6,EC
77,116,infinity,
77,117,69408,B-
77,118,8244,B-
77,119,52,B-
77,120,348,B-
77,121,8,B-
77,122,6,B-
77,123,3.0000000000000004E-7,B-
77,124,3.0000000000000004E-7,B-
77,125,11,B-
77,126,1.6E-7,B-
77,127,1.6E-7,B-
77,128,1.6E-7,B-
78,88,3E-4,A
78,89,7.8E-4,A
78,90,0.00202,A
78,91,0.00699,A
78,92,0.0138,A
78,93,0.0455,A
78,94,0.0976,EC
78,95,0.382,A
78,96,0.889,EC
78,97,2.53,A
78,98,6.33,EC
78,99,10.6,EC
78,100,20.7,EC
78,101,21.2,EC
78,102,56,EC
78,103,52,A
78,104,160.2,EC
78,105,43,EC
78,106,1038,A
78,107,4254,EC
78,108,7488,EC
78,109,8460,EC
78,110,881279.1,A
78,111,39132,EC
78,112,2.0512E19,A
78,113,244512,EC
78,114,infinity,
78,115,1.578E9,EC
78,116,infinity,
78,117,infinity,
78,118,infinity,
78,119,71609.4,B-
78,120,infinity,
78,121,1848,B-
78,122,45360,B-
78,123,150,B-
78,124,158400,B-
78,125,10,B-
78,126,10.3,B-
78,127,3.0000000000000004E-7,B-
78,128,1.6E-7,B-
78,129,1.6E-7,B-
78,130,1.6E-7,B-
79,90,,A
79,91,2.86E-4,P
79,92,1.7E-5,P
79,93,0.022,A
79,94,0.0263,A
79,95,0.139,A
79,96,,A
79,97,,A
79,98,1.53,A
79,99,2.6,EC
79,100,7.1,A
79,101,8.4,EC
79,102,13.7,A
79,103,15.5,EC
79,104,42.8,EC
79,105,20.6,EC
79,106,255,EC
79,107,642,EC
79,108,504,EC
79,109,530.4,EC
79,110,1722,EC
79,111,2568,EC
79,112,11448,EC
79,113,17784,EC
79,114,63539.1,EC
79,115,136872,EC
79,116,1.607E7,EC
79,117,532820.16,EC
79,118,infinity,
79,119,232770.24,B-
79,120,271209.6,B-
79,121,2904,B-
79,122,1560,B-
79,123,28.4,B-
79,124,60,B-
79,125,39.8,B-
79,126,32.5,B-
79,127,40,B-
79,128,3.0000000000000004E-7,B-
79,129,3.0000000000000004E-7,B-
79,130,3.0000000000000004E-7,B-
79,131,3.0000000000000004E-7,B-
80,91,5.9E-5,A
80,92,2.31E-4,A
80,93,8E-4,A
80,94,0.0021,A
80,95,0.0106,A
80,96,0.0203,A
80,97,0.118,A
80,98,0.267,A
80,99,1.05,EC
80,100,2.59,EC
80,101,3.6,A
80,102,10.83,A
80,103,9.4,EC
80,104,30.87,A
80,105,49.1,EC
80,106,82.8,EC
80,107,114,A
80,108,195,EC
80,109,456,EC
80,110,1200,EC
80,111,2940,EC
80,112,17460,EC
80,113,13680,EC
80,114,1.401E10,EC
80,115,37908,EC
80,116,infinity,
80,117,230904,EC
80,118,infinity,
80,119,infinity,
80,120,infinity,
80,121,infinity,
80,122,infinity,
80,123,4025721.6,B-
80,124,infinity,
80,125,308.4,B-
80,126,499.2,B-
80,127,174,B-
80,128,2460,B-
80,129,36,B-
80,130,3.0000000000000004E-7,B-
80,131,3.0000000000000004E-7,B-
80,132,3.0000000000000004E-7,B-
80,133,3.0000000000000004E-7,B-
80,134,3.0000000000000004E-7,B-
80,135,3.0000000000000004E-7,B-
80,136,3.0000000000000004E-7,B-
81,95,0.0052,P
81,96,0.018,A
81,97,0.254,EC
81,98,0.23,A
81,99,1.09,EF
81,100,3.2,EC
81,101,3.1,EC
81,102,6.9,A
81,103,10.1,EC
81,104,19.5,EC
81,105,27.5,EC
81,106,51,A
81,107,71,EC
81,108,138,EC
81,109,156,EC
81,110,,EC
81,111,576,EC
81,112,1296,EC
81,113,1980,EC
81,114,4176,EC
81,115,6624,EC
81,116,10224,EC
81,117,19080,EC
81,118,26712,EC
81,119,93960,EC
81,120,262837.44,EC
81,121,1063584,EC
81,122,infinity,
81,123,1.194E8,B-
81,124,infinity,
81,125,252.12,B-
81,126,286.2,B-
81,127,183.18,B-
81,128,129.72,B-
81,129,78,B-
81,130,88,B-
81,131,3.0000000000000004E-7,B-
81,132,101,B-
81,133,3.0000000000000004E-7,B-
81,134,3.0000000000000004E-7,B-
81,135,3.0000000000000004E-7,B-
81,136,3.0000000000000004E-7,B-
82,96,1.2E-4,A
82,97,0.0035,A
82,98,0.0041,A
82,99,0.036,A
82,100,0.055,A
82,101,0.535,A
82,102,0.49,A
82,103,6.3,A
82,104,4.82,EC
82,105,15.2,EC
82,106,25.1,EC
82,107,39,EC
82,108,71,EC
82,109,79.8,A
82,110,210,EC
82,111,,EC
82,112,642,EC
82,113,900,EC
82,114,2220,EC
82,115,486,EC
82,116,8640,EC
82,117,5400,EC
82,118,77400,EC
82,119,33588,EC
82,120,1.657E12,EC
82,121,186912,EC
82,122,4.418E24,A
82,123,5.459E14,EC
82,124,infinity,
82,125,infinity,
82,126,infinity,
82,127,11642.4,B-
82,128,7.00579E8,B-
82,129,2166,B-
82,130,38304,B-
82,131,612,B-
82,132,1623.6,B-
82,133,147,B-
82,134,3.0000000000000004E-7,B-
82,135,3.0000000000000004E-7,B-
82,136,3.0000000000000004E-7,B-
82,137,3.0000000000000004E-7,B-
82,138,3.0000000000000004E-7,B-
83,101,0.013,A
83,102,5.8E-5,P
83,103,0.0148,A
83,104,0.037,A
83,105,0.265,A
83,106,0.674,A
83,107,6.3,A
83,108,12.4,A
83,109,34.6,EC
83,110,63.6,EC
83,111,95,EC
83,112,183,EC
83,113,308,EC
83,114,559.8,EC
83,115,618,EC
83,116,1620,EC
83,117,2184,EC
83,118,6180,EC
83,119,6156,EC
83,120,42336,EC
83,121,40392,EC
83,122,1322784,EC
83,123,539395.2,EC
83,124,9.956E8,EC
83,125,1.161E13,EC
83,126,infinity,
83,127,433036.8,B-
83,128,128.4,A
83,129,3633,B-
83,130,2736.6,B-
83,131,1194,B-
83,132,456,B-
83,133,135,B-
83,134,98.5,B-
83,135,33,B-
83,136,22,B-
83,137,3.0000000000000004E-7,B-
83,138,3.0000000000000004E-7,B-
83,139,3.0000000000000004E-7,B-
83,140,3.0000000000000004E-7,B-
83,141,3.0000000000000004E-7,B-
84,102,2.8E-5,A
84,103,0.0014,A
84,104,2.75E-4,A
84,105,0.0035,A
84,106,0.00246,A
84,107,0.022,A
84,108,0.0322,A
84,109,0.245,A
84,110,0.392,A
84,111,4.64,A
84,112,5.8,A
84,113,84,EC
84,114,105.6,A
84,115,328.2,EC
84,116,690.6,EC
84,117,936,EC
84,118,2676,EC
84,119,2202,EC
84,120,12668.4,EC
84,121,6264,A
84,122,760320.0000000001,A
84,123,20880,EC
84,124,9.145E7,EC
84,125,3.913E9,A
84,126,1.196E7,A
84,127,0.516,A
84,128,2.99E-7,A
84,129,3.72E-6,A
84,130,1.636E-4,A
84,131,0.00178,A
84,132,0.145,A
84,133,1.53,A
84,134,185.88,A
84,135,620,A
84,136,3.0000000000000004E-7,B-
84,137,112,B-
84,138,550,B-
84,139,3.0000000000000004E-7,B-
84,140,3.0000000000000004E-7,B-
84,141,3.0000000000000004E-7,B-
84,142,3.0000000000000004E-7,B-
84,143,3.0000000000000004E-7,B-
85,106,0.0017,A
85,107,0.0115,A
85,108,0.028,A
85,109,0.31,A
85,110,0.29,A
85,111,0.388,EC
85,112,0.388,A
85,113,4.2,A
85,114,6.92,A
85,115,43,EC
85,116,85.2,A
85,117,184,A
85,118,444,EC
85,119,547.2,EC
85,120,1614,EC
85,121,1836,EC
85,122,6516,EC
85,123,5868,EC
85,124,19512,EC
85,125,29160,EC
85,126,25970.4,A
85,127,0.314,B-
85,128,1.25E-7,A
85,129,5.58E-7,A
85,130,1E-4,A
85,131,3E-4,A
85,132,0.0323,A
85,133,1.5,A
85,134,56,B-
85,135,222.6,B-
85,136,138,B-
85,137,54,B-
85,138,50,B-
85,139,78,B-
85,140,3.0000000000000004E-7,B-
85,141,3.0000000000000004E-7,B-
85,142,3.0000000000000004E-7,B-
85,143,3.0000000000000004E-7,B-
85,144,3.0000000000000004E-7,B-
86,107,0.00115,A
86,108,7.8E-4,A
86,109,0.006,A
86,110,0.0044,A
86,111,0.054,A
86,112,0.065,EC
86,113,0.59,A
86,114,1.03,A
86,115,7,A
86,116,9.7,A
86,117,44,EC
86,118,74.5,EC
86,119,170,EC
86,120,340.2,A
86,121,555,EC
86,122,1461,A
86,123,1728,EC
86,124,8640,A
86,125,52560,A
86,126,1434,A
86,127,0.0195,A
86,128,2.7E-7,A
86,129,2.3E-6,A
86,130,4.5E-5,A
86,131,5.4E-4,A
86,132,0.035,A
86,133,3.96,A
86,134,55.6,A
86,135,1500,B-
86,136,330350.4,A
86,137,1458,B-
86,138,6420,B-
86,139,279.6,B-
86,140,444,B-
86,141,20.2,B-
86,142,65,B-
86,143,12,B-
86,144,3.0000000000000004E-7,B-
86,145,3.0000000000000004E-7,B-
87,110,6E-4,A
87,111,0.015,EC
87,112,0.0045,A
87,113,0.049,A
87,114,0.062,A
87,115,0.372,A
87,116,0.55,A
87,117,1.8,A
87,118,3.97,A
87,119,16,A
87,120,14.8,A
87,121,59.1,EC
87,122,50.5,A
87,123,190.8,A
87,124,186,A
87,125,1200,EC
87,126,34.82,A
87,127,0.005,A
87,128,8.6E-8,A
87,129,7.000000000000001E-7,A
87,130,1.9E-5,A
87,131,0.001,A
87,132,0.02,A
87,133,27.4,A
87,134,286.1,A
87,135,852,B-
87,136,1320,B-
87,137,199.8,B-
87,138,237,B-
87,139,49,B-
87,140,148.2,B-
87,141,38,B-
87,142,50.2,B-
87,143,19.1,B-
87,144,17.6,B-
87,145,5.5,B-
87,146,0.9,B-
88,113,0.0016,A
88,114,0.0038,A
88,115,0.031,A
88,116,0.057,A
88,117,0.21,A
88,118,0.24,A
88,119,1.35,A
88,120,1.3,A
88,121,4.6,EC
88,122,3.7,A
88,123,13,EC
88,124,13,A
88,125,0.00273,A
88,126,2.46,A
88,127,0.00166,A
88,128,1.82E-7,A
88,129,1.6E-6,A
88,130,2.52E-5,A
88,131,0.01,A
88,132,0.018,A
88,133,28,A
88,134,38,A
88,135,987552,A
88,136,313796.16,A
88,137,1287360,B-
88,138,5.0492E10,A
88,139,2532,B-
88,140,1.815E8,B-
88,141,240,B-
88,142,5580,B-
88,143,104,B-
88,144,252,B-
88,145,30,B-
88,146,30,B-
89,116,0.02,A
89,117,0.022,A
89,118,0.027,A
89,119,0.095,A
89,120,0.087,A
89,121,0.35,EC
89,122,0.21,A
89,123,0.93,A
89,124,0.738,A
89,125,8.2,EC
89,126,0.17,A
89,127,4.4E-4,A
89,128,6.9E-8,A
89,129,1.08E-6,A
89,130,1.18E-5,A
89,131,0.0264,EC
89,132,0.052,A
89,133,5,A
89,134,126,A
89,135,10008,EC
89,136,857088,A
89,137,105732,B-
89,138,6.871E8,A
89,139,22140,B-
89,140,3762,B-
89,141,122,B-
89,142,450,B-
89,143,119,B-
89,144,145,B-
89,145,44,B-
89,146,62,B-
89,147,72,B-
89,148,,B-
90,118,0.0017,A
90,119,0.0025,A
90,120,0.016,A
90,121,0.037,A
90,122,0.0317,A
90,123,0.144,A
90,124,0.087,A
90,125,1.2,A
90,126,0.026,A
90,127,2.41E-4,A
90,128,1.17E-7,A
90,129,1.05E-6,A
90,130,9.7E-6,A
90,131,0.00168,A
90,132,0.0028,A
90,133,0.6,A
90,134,1.04,A
90,135,525,A
90,136,1834.2,A
90,137,1615420.8,A
90,138,6.0354E7,A
90,139,2.503E11,A
90,140,2.379E12,A
90,141,91872,B-
90,142,4.418E17,A
90,143,1309.8,B-
90,144,2082240.0000000002,B-
90,145,426,B-
90,146,2238,B-
90,147,282,B-
90,148,564,B-
90,149,,B-
91,120,3.0000000000000004E-7,A
91,121,0.0051,A
91,122,0.0053,A
91,123,0.017,A
91,124,0.014,A
91,125,0.15,A
91,126,0.0036,A
91,127,1.13E-4,A
91,128,5.3E-8,A
91,129,7.8E-7,A
91,130,5.9E-6,A
91,131,0.0029,A
91,132,0.0051,A
91,133,0.846,A
91,134,1.7,A
91,135,108,A
91,136,2298,A
91,137,79200,EC
91,138,129600,EC
91,139,1503359.1,EC
91,140,1.0338E12,A
91,141,114048,B-
91,142,2330640,B-
91,143,24120,B-
91,144,1464,B-
91,145,546,B-
91,146,522,B-
91,147,136.8,B-
91,148,6480,B-
91,149,,B-
92,124,0.0045,A
92,125,0.016,A
92,126,5.1E-4,A
92,127,4.2E-5,A
92,128,,A
92,129,6.6E-7,A
92,130,4.7E-6,A
92,131,1.8E-5,A
92,132,8.4E-4,A
92,133,0.095,A
92,134,0.268,A
92,135,66,A
92,136,546,A
92,137,3480,A
92,138,1797120,A
92,139,362880,EC
92,140,2.174E9,A
92,141,5.024E12,A
92,142,7.747E12,A
92,143,2.222E16,A
92,144,7.391E14,A
92,145,583200,B-
92,146,1.41E17,A
92,147,1407,B-
92,148,50760,B-
92,149,,B-
92,150,1008,B-
92,151,,
93,132,0.0036,A
93,133,0.035,A
93,134,0.51,A
93,135,61.4,A
93,136,240,A
93,137,276,EC
93,138,2928,EC
93,139,882,EC
93,140,2172,EC
93,141,380160.00000000006,EC
93,142,3.422E7,EC
93,143,4.828E12,EC
93,144,6.766E13,A
93,145,182908.8,B-
93,146,203558.4,B-
93,147,3714,B-
93,148,834,B-
93,149,132,B-
93,150,111,B-
93,151,137.4,B-
93,152,,
94,134,1.1,A
94,135,67,EC
94,136,102,A
94,137,516,EC
94,138,2027.1,EC
94,139,1254,EC
94,140,31680.000000000004,EC
94,141,1518,A
94,142,9.0192E7,A
94,143,3943296,A
94,144,2.768E9,A
94,145,7.609E11,A
94,146,2.0705E11,A
94,147,4.522E8,A
94,148,1.183E13,A
94,149,17841.6,B-
94,150,2.525E15,A
94,151,37800,B-
94,152,936576,B-
94,153,196128,B-
95,135,17,EC
95,136,,A
95,137,79,A
95,138,192,A
95,139,139.2,EC
95,140,618,EC
95,141,216,A
95,142,4416,EC
95,143,5880,A
95,144,42840,EC
95,145,182880,A
95,146,1.365E10,A
95,147,57672,EC
95,148,2.324E11,A
95,149,36360,B-
95,150,7379.1,B-
95,151,2340,B-
95,152,1380,B-
95,153,600,B-
95,154,,B-
96,137,23,EC
96,138,51,SF
96,139,,A
96,140,,EC
96,141,,EC
96,142,7920.000000000001,A
96,143,9720,EC
96,144,2332800,A
96,145,2833919.1,EC
96,146,1.407E7,A
96,147,9.183E8,SF
96,148,5.712E8,A
96,149,2.658E11,A
96,150,1.485E11,A
96,151,4.923E14,A
96,152,1.0982E13,A
96,153,3849.0000000000005,B-
96,154,2.619E11,A
96,155,1008,B-
96,156,172800,
97,137,140,EC
97,138,,EC
97,139,,
97,140,60,A
97,141,144,EC
97,142,,A
97,143,288,EC
97,144,276,EC
97,145,420,EC
97,146,16200,EC
97,147,15659.1,EC
97,148,427680,EC
97,149,155520,EC
97,150,4.355E10,A
97,151,2.84E8,A
97,152,2.851E7,B-
97,153,11563.2,B-
97,154,3336,B-
97,155,,
97,156,600,B-
97,157,,
98,139,0.8,SF
98,140,0.0211,SF
98,141,39,EC
98,142,64,A
98,143,226.8,EC
98,144,209.4,EC
98,145,642,EC
98,146,1164,A
98,147,2700,EC
98,148,128520.00000000001,SF
98,149,11196,EC
98,150,2.881E7,A
98,151,1.108E10,A
98,152,4.128E8,SF
98,153,2.834E10,A
98,154,8.347E7,A
98,155,1538784,B-
98,156,5227200,SF
98,157,5100,B-
98,158,738,SF
99,141,,EC
99,142,8,EC
99,143,17.8,EC
99,144,21,A
99,145,37,A
99,146,66,EC
99,147,450,A
99,148,273,EC
99,149,1440,EC
99,150,6132,EC
99,151,30960,EC
99,152,118800,EC
99,153,4.0755E7,A
99,154,1768608,SF
99,155,2.382E7,A
99,156,3438719.1,B-
99,157,1524,B-
99,158,665280,B-
99,159,,EC
100,141,7.3E-4,SF
100,142,4E-6,SF
100,143,0.231,A
100,144,0.00312,A
100,145,4.2,A
100,146,1.54,EC
100,147,31,A
100,148,34.5,A
100,149,156,A
100,150,1800,A
100,151,19080,EC
100,152,91404,SF
100,153,259200,EC
100,154,11664,A
100,155,72252,SF
100,156,9456,SF
100,157,8683200,A
100,158,3.7E-4,SF
100,159,1.5,SF
100,160,0.004,SF
101,144,9.000000000000001E-4,SF
101,145,0.9,A
101,146,1.2,SF
101,147,13,A
101,148,21.7,A
101,149,25,A
101,150,256.2,EC
101,151,138,EC
101,152,360,A
101,153,1680,EC
101,154,1620,EC
101,155,4620,EC
101,156,19872,A
101,157,4449600,A
101,158,5760,SF
101,159,2747520,A
101,160,,A
101,161,,A
102,146,2E-6,SF
102,147,,
102,148,4.2E-6,A
102,149,0.8,A
102,150,2.44,A
102,151,97.2,EC
102,152,51,A
102,153,211.2,EC
102,154,2.91,A
102,155,24.5,A
102,156,0.0012,SF
102,157,3480,A
102,158,0.106,SF
102,159,,A
102,160,0.005,SF
102,161,,A
102,162,,A
103,148,,EC
103,149,0.36,A
103,150,0.57,A
103,151,18.4,EC
103,152,31.1,A
103,153,27,A
103,154,4,A
103,155,4.1,SF
103,156,6.2,A
103,157,180,SF
103,158,2340,SF
103,159,14400,A
103,160,,A
103,161,,SF
103,162,,A
103,163,39600,SF
104,149,4.8E-5,SF
104,150,2.3E-5,SF
104,151,1.68,EC
104,152,0.00667,SF
104,153,4.4,EC
104,154,0.0147,SF
104,155,2.4,A
104,156,0.021,SF
104,157,68,A
104,158,2.3,SF
104,159,600,SF
104,160,,A
104,161,60,SF
104,162,,SF
104,163,,
104,164,,A
105,150,1.6,A
105,151,1.6,A
105,152,2.3,A
105,153,4.2,SF
105,154,0.51,A
105,155,1.52,EC
105,156,1.8,A
105,157,35,SF
105,158,27,SF
105,159,,A
105,160,,A
105,161,,A
105,162,4380,SF
105,163,115200,SF
105,164,,A
105,165,3600,A
106,152,0.0029,SF
106,153,0.29,EC
106,154,0.00495,A
106,155,0.178,A
106,156,0.0069,SF
106,157,1,A
106,158,0.037,SF
106,159,14.4,SF
106,160,21,SF
106,161,,
106,162,,A
106,163,186,A
106,164,,A
106,165,144,A
106,166,,A
106,167,,SF
107,153,0.035,A
107,154,0.0118,SF
107,155,0.022,A
107,156,,A
107,157,0.44,A
107,158,0.9,A
107,159,1.7,A
107,160,17,A
107,161,,
107,162,,
107,163,60,A
107,164,,A
107,165,10,A
107,166,,SF
107,167,54,A
107,168,,SF
108,155,7.4E-4,SF
108,156,8E-4,SF
108,157,0.0019,SF
108,158,0.0023,A
108,159,0.052,SF
108,160,0.4,A
108,161,9.7,A
108,162,22,A
108,163,,A
108,164,,SF
108,165,0.76,A
108,166,,SF
108,167,0.15,A
108,168,,A
108,169,0.003,A
109,156,,A
109,157,0.0017,A
109,158,,A
109,159,0.021,A
109,160,,
109,161,0.005,A
109,162,,A
109,163,,A
109,164,,A
109,165,0.44,A
109,166,0.0097,A
109,167,0.72,A
109,168,5,A
109,169,8,A
109,170,,SF
110,157,2.8E-6,A
110,158,,A
110,159,1.79E-4,A
110,160,1E-4,SF
110,161,0.00163,A
110,162,,SF
110,163,1.7E-4,A
110,164,,A
110,165,,A
110,166,,SF
110,167,0.0041,A
110,168,,SF
110,169,0.18,SF
110,170,,
110,171,13,A
111,161,0.0038,A
111,162,,A
111,163,0.0064,A
111,164,,A
111,165,,A
111,166,,SF
111,167,0.0042,SF
111,168,0.17,A
111,169,3.6,A
111,170,17,A
111,171,0.5,A
111,172,,SF
112,164,,
112,165,,
112,166,,A
112,167,,A
112,168,,A
112,169,0.13,A
112,170,5E-4,SF
112,171,4,A
112,172,0.101,SF
112,173,30,A
113,165,2.4E-4,A
113,166,,
113,167,,
113,168,,
113,169,0.07,A
113,170,0.1,A
113,171,0.48,A
113,172,5.5,A
113,173,20,A
113,174,,A
114,170,0.0025,SF
114,171,0.15,A
114,172,0.16,A
114,173,0.51,A
114,174,0.52,A
114,175,0.97,A
115,172,0.032,A
115,173,0.087,A
115,174,0.22,A
115,175,0.016,A
115,176,,A
116,173,,
116,174,0.015,A
116,175,0.0063,A
116,176,0.018,A
116,177,0.053,A
117,174,,SF
117,175,,SF
117,176,0.014,SF
117,177,0.08,A
